source_code,source_concept_id,source_vocabulary_id,source_code_description,target_concept_id,target_vocabulary_id,valid_start_date,valid_end_date,invalid_reason
51183,0,a,CD45,35963132,OMOP Genomic,1970-01-01,2099-12-31,
51411,0,a,CD45,35963132,OMOP Genomic,1970-01-01,2099-12-31,
51336,0,a,Glyco A,4181407,SNOMED,1970-01-01,2099-12-31,
51398,0,a,CD19,35960932,OMOP Genomic,1970-01-01,2099-12-31,
51193,0,a,CD71,44807702,SNOMED,1970-01-01,2099-12-31,
52955,0,a,CD10,35960975,OMOP Genomic,1970-01-01,2099-12-31,
51188,0,a,CD56,44805111,SNOMED,1970-01-01,2099-12-31,
51460,0,a,"Blood, Occult",4009330,SNOMED,1970-01-01,2099-12-31,
51229,0,a,"Heparin, LMW",3046251,LOINC,1970-01-01,2099-12-31,
50998,0,a,Transferrin,37398419,SNOMED,1970-01-01,2099-12-31,
51315,0,a,CD20,35960550,OMOP Genomic,1970-01-01,2099-12-31,
51168,0,a,CD20,35960550,OMOP Genomic,1970-01-01,2099-12-31,
51309,0,a,CD14,35955452,OMOP Genomic,1970-01-01,2099-12-31,
51182,0,a,CD41,4186883,SNOMED,1970-01-01,2099-12-31,
51106,0,a,Urine Creatinine,37392373,SNOMED,1970-01-01,2099-12-31,
51331,0,a,CD64,4211634,SNOMED,1970-01-01,2099-12-31,
51238,0,a,Kappa,4126534,SNOMED,1970-01-01,2099-12-31,
51320,0,a,CD33,35949007,OMOP Genomic,1970-01-01,2099-12-31,
51230,0,a,HLA-DR,3028765,LOINC,1970-01-01,2099-12-31,
51340,0,a,Kappa,4126534,SNOMED,1970-01-01,2099-12-31,
52014,0,a,Voided Specimen,46270290,SNOMED,1970-01-01,2099-12-31,
52123,0,a,"G6PD, Qualitative",35947729,OMOP Genomic,1970-01-01,2099-12-31,
51152,0,a,CD10,35960975,OMOP Genomic,1970-01-01,2099-12-31,
50801,0,a,Alveolar-arterial Gradient,4092626,SNOMED,1970-01-01,2099-12-31,
51326,0,a,CD5,35946494,OMOP Genomic,1970-01-01,2099-12-31,
51722,0,a,RFXLDLM,35962203,OMOP Genomic,1970-01-01,2099-12-31,
50874,0,a,"Anti-Nuclear Antibody, Titer",4163958,SNOMED,1970-01-01,2099-12-31,
51332,0,a,CD7,35950859,OMOP Genomic,1970-01-01,2099-12-31,
51333,0,a,CD71,44807702,SNOMED,1970-01-01,2099-12-31,
53153,0,a,HIV Screen,4064903,SNOMED,1970-01-01,2099-12-31,
51323,0,a,CD4,35945310,OMOP Genomic,1970-01-01,2099-12-31,
50973,0,a,Prolactin,43532150,RxNorm,1970-01-01,2099-12-31,
51234,0,a,Immunophenotyping,4214425,SNOMED,1970-01-01,2099-12-31,
51735,0,a,STX4,35945084,OMOP Genomic,1970-01-01,2099-12-31,
51334,0,a,CD8,35962750,OMOP Genomic,1970-01-01,2099-12-31,
51109,0,a,"Urine Volume, Total",37397937,SNOMED,1970-01-01,2099-12-31,
51660,0,a,HPE4,35958296,OMOP Genomic,1970-01-01,2099-12-31,
51156,0,a,CD13,35951992,OMOP Genomic,1970-01-01,2099-12-31,
51319,0,a,CD3,35946663,OMOP Genomic,1970-01-01,2099-12-31,
50980,0,a,Rheumatoid Factor,4299364,SNOMED,1970-01-01,2099-12-31,
51154,0,a,CD117,44805120,SNOMED,1970-01-01,2099-12-31,
50953,0,a,"Iron Binding Capacity, Total",4036197,SNOMED,1970-01-01,2099-12-31,
52009,0,a,UTX6,35953004,OMOP Genomic,1970-01-01,2099-12-31,
51130,0,a,Absolute CD3 Count,37398708,SNOMED,1970-01-01,2099-12-31,
52006,0,a,UTX3,35955661,OMOP Genomic,1970-01-01,2099-12-31,
51419,0,a,Eosinophils,45884164,LOINC,1970-01-01,2099-12-31,
52010,0,a,UTX7,35960192,OMOP Genomic,1970-01-01,2099-12-31,
52036,0,a,Voided Specimen,46270290,SNOMED,1970-01-01,2099-12-31,
52007,0,a,UTX4,35955661,OMOP Genomic,1970-01-01,2099-12-31,
51387,0,a,Basophils,36310855,LOINC,1970-01-01,2099-12-31,
51081,0,a,"Creatinine, Serum",4013964,SNOMED,1970-01-01,2099-12-31,
52004,0,a,UTX1,35955661,OMOP Genomic,1970-01-01,2099-12-31,
51194,0,a,"CD8 Cells, Percent",37392804,SNOMED,1970-01-01,2099-12-31,
51245,0,a,"Lymphocytes, Percent",9228,UCUM,1970-01-01,2099-12-31,
51028,0,a,"Bilirubin, Total, Body Fluid",4151547,SNOMED,1970-01-01,2099-12-31,
52008,0,a,UTX5,35948843,OMOP Genomic,1970-01-01,2099-12-31,
51790,0,a,"Glucose, CSF",4286945,SNOMED,1970-01-01,2099-12-31,
52005,0,a,UTX2,35955661,OMOP Genomic,1970-01-01,2099-12-31,
50906,0,a,"Cholesterol, LDL, Measured",4041556,SNOMED,1970-01-01,2099-12-31,
52266,0,a,Macrophage,4243353,SNOMED,1970-01-01,2099-12-31,
51980,0,a,Fentanyl,36308472,LOINC,1970-01-01,2099-12-31,
51180,0,a,"CD4 Cells, Percent",35917303,NAACCR,1970-01-01,2099-12-31,
51102,0,a,"Total Protein, Urine",37399120,SNOMED,1970-01-01,2099-12-31,
52020,0,a,UTX10,35961442,OMOP Genomic,1970-01-01,2099-12-31,
50872,0,a,Anti-Neutrophil Cytoplasmic Antibody,4049401,SNOMED,1970-01-01,2099-12-31,
51802,0,a,"Total Protein, CSF",4222478,SNOMED,1970-01-01,2099-12-31,
51736,0,a,STX5,35948843,OMOP Genomic,1970-01-01,2099-12-31,
52769,0,a,Absolute Lymphocyte Count,4254663,SNOMED,1970-01-01,2099-12-31,
52264,0,a,Lymphs,35954104,OMOP Genomic,1970-01-01,2099-12-31,
51513,0,a,Urine Specimen Type,4154128,SNOMED,1970-01-01,2099-12-31,
51069,0,a,"Albumin, Urine",4168705,SNOMED,1970-01-01,2099-12-31,
51428,0,a,Macrophage,4243353,SNOMED,1970-01-01,2099-12-31,
51386,0,a,Bands,4106664,SNOMED,1970-01-01,2099-12-31,
51176,0,a,"CD3 Cells, Percent",37392802,SNOMED,1970-01-01,2099-12-31,
52272,0,a,Monocytes,36310669,LOINC,1970-01-01,2099-12-31,
51489,0,a,NonSquamous Epithelial Cell,4214741,SNOMED,1970-01-01,2099-12-31,
51178,0,a,CD34,35954026,OMOP Genomic,1970-01-01,2099-12-31,
52281,0,a,Polys,4267265,SNOMED,1970-01-01,2099-12-31,
51431,0,a,Monos,41918817,OSM,1970-01-01,2099-12-31,
51400,0,a,CD20,35960550,OMOP Genomic,1970-01-01,2099-12-31,
50952,0,a,Iron,41944817,OSM,1970-01-01,2099-12-31,
51132,0,a,Absolute CD8 Count,37392791,SNOMED,1970-01-01,2099-12-31,
51434,0,a,Other Cell,2000035,ICD9Proc,1970-01-01,2099-12-31,
52285,0,a,"RBC, CSF",3026691,LOINC,1970-01-01,2099-12-31,
51427,0,a,Lymphocytes,36309122,LOINC,1970-01-01,2099-12-31,
50811,0,a,Hemoglobin,4244232,SNOMED,1970-01-01,2099-12-31,
51070,0,a,"Albumin/Creatinine, Urine",4154347,SNOMED,1970-01-01,2099-12-31,
51138,0,a,Anticardiolipin Antibody IgG,4166679,SNOMED,1970-01-01,2099-12-31,
51989,0,a,Oxycodone,36309176,LOINC,1970-01-01,2099-12-31,
51436,0,a,Polys,4267265,SNOMED,1970-01-01,2099-12-31,
51305,0,a,CD117,44805120,SNOMED,1970-01-01,2099-12-31,
51181,0,a,CD4/CD8 Ratio,37392800,SNOMED,1970-01-01,2099-12-31,
51300,0,a,WBC Count,4298431,SNOMED,1970-01-01,2099-12-31,
51651,0,a,Hepatitis C Viral Load,4215716,SNOMED,1970-01-01,2099-12-31,
51338,0,a,Immunophenotyping,4214425,SNOMED,1970-01-01,2099-12-31,
51772,0,a,PAN3,35946597,OMOP Genomic,1970-01-01,2099-12-31,
52286,0,a,"Total Nucleated Cells, CSF",3004206,LOINC,1970-01-01,2099-12-31,
50806,0,a,"Chloride, Whole Blood",4170424,SNOMED,1970-01-01,2099-12-31,
51310,0,a,CD15,35957168,OMOP Genomic,1970-01-01,2099-12-31,
50876,0,a,Anti-Smooth Muscle Antibody,4005014,SNOMED,1970-01-01,2099-12-31,
51325,0,a,CD45,35963132,OMOP Genomic,1970-01-01,2099-12-31,
51307,0,a,CD13,35951992,OMOP Genomic,1970-01-01,2099-12-31,
51321,0,a,CD34,35954026,OMOP Genomic,1970-01-01,2099-12-31,
51139,0,a,Anticardiolipin Antibody IgM,4166679,SNOMED,1970-01-01,2099-12-31,
51131,0,a,Absolute CD4 Count,37392790,SNOMED,1970-01-01,2099-12-31,
52369,0,a,"Total Nucleated Cells, Other",4104363,SNOMED,1970-01-01,2099-12-31,
50866,0,a,Ammonia,4184927,SNOMED,1970-01-01,2099-12-31,
50986,0,a,tacroFK,35611013,SNOMED,1970-01-01,2099-12-31,
51051,0,a,"Cholesterol, Pleural",19059097,RxNorm,1970-01-01,2099-12-31,
50810,0,a,"Hematocrit, Calculated",316524,SNOMED,1970-01-01,2099-12-31,
51518,0,a,WBC Clumps,3041364,LOINC,1970-01-01,2099-12-31,
50918,0,a,Double Stranded DNA,3181952,Nebraska Lexicon,1970-01-01,2099-12-31,
50871,0,a,Anti-Mitochondrial Antibody,4200068,SNOMED,1970-01-01,2099-12-31,
50949,0,a,Immunoglobulin A,4262243,SNOMED,1970-01-01,2099-12-31,
50997,0,a,Tobramycin,902722,RxNorm,1970-01-01,2099-12-31,
51217,0,a,Glyco A,4181407,SNOMED,1970-01-01,2099-12-31,
50991,0,a,Thyroglobulin,19000732,RxNorm,1970-01-01,2099-12-31,
51422,0,a,"Hematocrit, Other Fluid",316524,SNOMED,1970-01-01,2099-12-31,
51095,0,a,"Phosphate, Urine",4125861,SNOMED,1970-01-01,2099-12-31,
51164,0,a,CD19,35960932,OMOP Genomic,1970-01-01,2099-12-31,
52012,0,a,UTX9,35955661,OMOP Genomic,1970-01-01,2099-12-31,
51098,0,a,"Prot. Electrophoresis, Urine",4251338,SNOMED,1970-01-01,2099-12-31,
51158,0,a,CD14,35955452,OMOP Genomic,1970-01-01,2099-12-31,
51056,0,a,"Miscellaneous, Pleural",4177792,SNOMED,1970-01-01,2099-12-31,
50951,0,a,Immunoglobulin M,4326103,SNOMED,1970-01-01,2099-12-31,
51192,0,a,CD7,35950859,OMOP Genomic,1970-01-01,2099-12-31,
51035,0,a,"LD, Body Fluid",4137142,SNOMED,1970-01-01,2099-12-31,
51167,0,a,CD2,35946914,OMOP Genomic,1970-01-01,2099-12-31,
50937,0,a,Hepatitis A Virus Antibody,4139121,SNOMED,1970-01-01,2099-12-31,
51239,0,a,Lambda,4228772,SNOMED,1970-01-01,2099-12-31,
51077,0,a,"Calcium, Urine",4216642,SNOMED,1970-01-01,2099-12-31,
51159,0,a,CD15,35957168,OMOP Genomic,1970-01-01,2099-12-31,
50950,0,a,Immunoglobulin G,19117912,RxNorm,1970-01-01,2099-12-31,
51026,0,a,"Amylase, Body Fluid",4155368,SNOMED,1970-01-01,2099-12-31,
51155,0,a,CD11c,35946633,OMOP Genomic,1970-01-01,2099-12-31,
51598,0,a,Cytomegalovirus Viral Load,37208632,SNOMED,1970-01-01,2099-12-31,
51177,0,a,CD33,35949007,OMOP Genomic,1970-01-01,2099-12-31,
51025,0,a,"Albumin, Body Fluid",3046055,LOINC,1970-01-01,2099-12-31,
51086,0,a,"Immunofixation, Urine",4310464,SNOMED,1970-01-01,2099-12-31,
51191,0,a,CD64,4211634,SNOMED,1970-01-01,2099-12-31,
51088,0,a,"Magnesium, Urine",4261656,SNOMED,1970-01-01,2099-12-31,
51184,0,a,CD5,35946494,OMOP Genomic,1970-01-01,2099-12-31,
51196,0,a,D-Dimer,37393605,SNOMED,1970-01-01,2099-12-31,
51972,0,a,Chlamydia trachomatis,4274488,SNOMED,1970-01-01,2099-12-31,
52018,0,a,PAN1,4099983,SNOMED,1970-01-01,2099-12-31,
51034,0,a,"Glucose, Body Fluid",4151548,SNOMED,1970-01-01,2099-12-31,
51044,0,a,Triglycer,4311687,SNOMED,1970-01-01,2099-12-31,
51198,0,a,Envelope Cells,35818538,UK Biobank,1970-01-01,2099-12-31,
51505,0,a,Uric Acid Crystals,4095484,SNOMED,1970-01-01,2099-12-31,
50825,0,a,Temperature,4086164,SNOMED,1970-01-01,2099-12-31,
50881,0,a,Beta-2 Microglobulin,4128233,SNOMED,1970-01-01,2099-12-31,
50819,0,a,PEEP,4023301,SNOMED,1970-01-01,2099-12-31,
51112,0,a,Basophils,36310855,LOINC,1970-01-01,2099-12-31,
50899,0,a,Carbamazepine,740275,RxNorm,1970-01-01,2099-12-31,
50815,0,a,O2 Flow,3010251,LOINC,1970-01-01,2099-12-31,
50974,0,a,Prostate Specific Antigen,37398806,SNOMED,1970-01-01,2099-12-31,
51341,0,a,Lambda,4228772,SNOMED,1970-01-01,2099-12-31,
51986,0,a,Neisseria gonorrhoeae,4285582,SNOMED,1970-01-01,2099-12-31,
51328,0,a,CD56,44805111,SNOMED,1970-01-01,2099-12-31,
50816,0,a,Oxygen,19025274,RxNorm,1970-01-01,2099-12-31,
51324,0,a,CD41,4186883,SNOMED,1970-01-01,2099-12-31,
51105,0,a,"Uric Acid, Urine",4062617,SNOMED,1970-01-01,2099-12-31,
50927,0,a,Gamma Glutamyltransferase,35814460,UK Biobank,1970-01-01,2099-12-31,
51313,0,a,CD19,35960932,OMOP Genomic,1970-01-01,2099-12-31,
51003,0,a,Troponin T,4010038,SNOMED,1970-01-01,2099-12-31,
51337,0,a,HLA-DR,3028765,LOINC,1970-01-01,2099-12-31,
51228,0,a,Heparin,36309654,LOINC,1970-01-01,2099-12-31,
51043,0,a,"Total Protein, Body Fluid",4150333,SNOMED,1970-01-01,2099-12-31,
51314,0,a,CD2,35946914,OMOP Genomic,1970-01-01,2099-12-31,
50828,0,a,Ventilator,45768197,SNOMED,1970-01-01,2099-12-31,
51564,0,a,ARCH-1,4049521,SNOMED,1970-01-01,2099-12-31,
51306,0,a,CD11c,35946633,OMOP Genomic,1970-01-01,2099-12-31,
51150,0,a,Blood Parasite Smear,3006165,LOINC,1970-01-01,2099-12-31,
52427,0,a,UCU2,35954614,OMOP Genomic,1970-01-01,2099-12-31,
51497,0,a,Renal Epithelial Cells,4019364,SNOMED,1970-01-01,2099-12-31,
50826,0,a,Tidal Volume,4029625,SNOMED,1970-01-01,2099-12-31,
51216,0,a,Fragmented Cells,4289941,SNOMED,1970-01-01,2099-12-31,
51424,0,a,Immunophenotyping,4214425,SNOMED,1970-01-01,2099-12-31,
51243,0,a,Lupus Anticoagulant,4078700,SNOMED,1970-01-01,2099-12-31,
51486,0,a,Leukocytes,45878743,LOINC,1970-01-01,2099-12-31,
51447,0,a,Macrophages,4243353,SNOMED,1970-01-01,2099-12-31,
50911,0,a,"Creatine Kinase, MB Isoenzyme",37392625,SNOMED,1970-01-01,2099-12-31,
50803,0,a,"Calculated Bicarbonate, Whole Blood",44806592,SNOMED,1970-01-01,2099-12-31,
51474,0,a,Eosinophils,45884164,LOINC,1970-01-01,2099-12-31,
51089,0,a,Marijuana,36310337,LOINC,1970-01-01,2099-12-31,
51519,0,a,Yeast,4265186,SNOMED,1970-01-01,2099-12-31,
51369,0,a,"Hematocrit, Joint Fluid",4329652,SNOMED,1970-01-01,2099-12-31,
51516,0,a,WBC,3008199,LOINC,1970-01-01,2099-12-31,
50908,0,a,CK-MB Index,41989800,OSM,1970-01-01,2099-12-31,
51493,0,a,RBC,4218976,SNOMED,1970-01-01,2099-12-31,
51466,0,a,Blood,4226865,SNOMED,1970-01-01,2099-12-31,
50827,0,a,Ventilation Rate,4163858,SNOMED,1970-01-01,2099-12-31,
50917,0,a,Digoxin,1326303,RxNorm,1970-01-01,2099-12-31,
51005,0,a,Uptake Ratio,4087806,SNOMED,1970-01-01,2099-12-31,
51448,0,a,Mesothelial Cells,4244102,SNOMED,1970-01-01,2099-12-31,
50948,0,a,Immunofixation,4098368,SNOMED,1970-01-01,2099-12-31,
52419,0,a,Voided Specimen,46270290,SNOMED,1970-01-01,2099-12-31,
51453,0,a,Other,45878142,LOINC,1970-01-01,2099-12-31,
51259,0,a,Other Cells,4264122,SNOMED,1970-01-01,2099-12-31,
51625,0,a,Free Kappa,4127184,SNOMED,1970-01-01,2099-12-31,
52026,0,a,Estimated GFR (MDRD equation),36307905,LOINC,1970-01-01,2099-12-31,
50887,0,a,Blue Top Hold,4188608,SNOMED,1970-01-01,2099-12-31,
52023,0,a,Assist/Control,36032208,LOINC,1970-01-01,2099-12-31,
50895,0,a,Calculated TBG,4106622,SNOMED,1970-01-01,2099-12-31,
51247,0,a,MacroOvalocytes,45878174,LOINC,1970-01-01,2099-12-31,
51627,0,a,Free Lambda,4228772,SNOMED,1970-01-01,2099-12-31,
51046,0,a,"Albumin, Pleural",4199139,SNOMED,1970-01-01,2099-12-31,
50976,0,a,"Protein, Total",4119650,SNOMED,1970-01-01,2099-12-31,
51515,0,a,Waxy Casts,45880596,LOINC,1970-01-01,2099-12-31,
51383,0,a,"RBC, Joint Fluid",4329652,SNOMED,1970-01-01,2099-12-31,
51763,0,a,EE2,35955338,OMOP Genomic,1970-01-01,2099-12-31,
50930,0,a,Globulin,4219919,SNOMED,1970-01-01,2099-12-31,
51047,0,a,"Amylase, Pleural",4166837,SNOMED,1970-01-01,2099-12-31,
51626,0,a,Free Kappa/Free Lambda Ratio,44816760,LOINC,1970-01-01,2099-12-31,
52024,0,a,"Creatinine, Whole Blood",4170424,SNOMED,1970-01-01,2099-12-31,
50924,0,a,Ferritin,42043038,OSM,1970-01-01,2099-12-31,
51613,0,a,eAG,4021648,SNOMED,1970-01-01,2099-12-31,
50892,0,a,CA-125,4242099,SNOMED,1970-01-01,2099-12-31,
50946,0,a,Human Chorionic Gonadotropin,4285271,SNOMED,1970-01-01,2099-12-31,
51454,0,a,Plasma Cells,36770549,Cancer Modifier,1970-01-01,2099-12-31,
51103,0,a,Uhold,41939803,OSM,1970-01-01,2099-12-31,
51457,0,a,"RBC, Pleural",4286949,SNOMED,1970-01-01,2099-12-31,
51052,0,a,"Creatinine, Pleural",19071968,RxNorm,1970-01-01,2099-12-31,
50896,0,a,Calculated Thyroxine (T4) Index,3000551,LOINC,1970-01-01,2099-12-31,
51426,0,a,Lambda,4228772,SNOMED,1970-01-01,2099-12-31,
50852,0,a,% Hemoglobin A1c,9225,UCUM,1970-01-01,2099-12-31,
51425,0,a,Kappa,4126534,SNOMED,1970-01-01,2099-12-31,
51297,0,a,Thrombin,1300673,RxNorm,1970-01-01,2099-12-31,
52312,0,a,"Total Nucleated Cells, Joint",4104363,SNOMED,1970-01-01,2099-12-31,
51412,0,a,CD5,35946494,OMOP Genomic,1970-01-01,2099-12-31,
51149,0,a,Bleeding Time,4219104,SNOMED,1970-01-01,2099-12-31,
51388,0,a,CD10,35960975,OMOP Genomic,1970-01-01,2099-12-31,
50994,0,a,Thyroxine (T4),3024908,LOINC,1970-01-01,2099-12-31,
50915,0,a,D-Dimer,37393605,SNOMED,1970-01-01,2099-12-31,
50889,0,a,C-Reactive Protein,4052151,SNOMED,1970-01-01,2099-12-31,
51404,0,a,CD3,35946663,OMOP Genomic,1970-01-01,2099-12-31,
51406,0,a,CD34,35954026,OMOP Genomic,1970-01-01,2099-12-31,
50910,0,a,Creatine Kinase (CK),37394192,SNOMED,1970-01-01,2099-12-31,
50840,0,a,"Cholesterol, Ascites",19059097,RxNorm,1970-01-01,2099-12-31,
51373,0,a,"Joint Crystals, Number",21498783,LOINC,1970-01-01,2099-12-31,
52391,0,a,"Total Nucleated Cells, Pleural",4104363,SNOMED,1970-01-01,2099-12-31,
51382,0,a,Polys,4267265,SNOMED,1970-01-01,2099-12-31,
50965,0,a,Parathyroid Hormone,45957267,SNOMED,1970-01-01,2099-12-31,
51469,0,a,Calcium Oxalate Crystals,45878152,LOINC,1970-01-01,2099-12-31,
52220,0,a,wbcp,35806401,HemOnc,1970-01-01,2099-12-31,
51375,0,a,Lymphocytes,36309122,LOINC,1970-01-01,2099-12-31,
51038,0,a,"Miscellaneous, Body Fluid",4177792,SNOMED,1970-01-01,2099-12-31,
51213,0,a,Fibrin Degradation Products,37393525,SNOMED,1970-01-01,2099-12-31,
50933,0,a,Green Top Hold (plasma),35957204,OMOP Genomic,1970-01-01,2099-12-31,
51053,0,a,"Glucose, Pleural",4282459,SNOMED,1970-01-01,2099-12-31,
51379,0,a,Monocytes,36310669,LOINC,1970-01-01,2099-12-31,
50975,0,a,Protein Electrophoresis,4306931,SNOMED,1970-01-01,2099-12-31,
51093,0,a,"Osmolality, Urine",37398646,SNOMED,1970-01-01,2099-12-31,
50805,0,a,Carboxyhemoglobin,4269049,SNOMED,1970-01-01,2099-12-31,
51376,0,a,Macrophage,4243353,SNOMED,1970-01-01,2099-12-31,
51839,0,a,Anat Path Hold,37016868,SNOMED,1970-01-01,2099-12-31,
50979,0,a,Red Top Hold,42527129,LOINC,1970-01-01,2099-12-31,
50814,0,a,Methemoglobin,4101120,SNOMED,1970-01-01,2099-12-31,
51752,0,a,Voided Specimen,46270290,SNOMED,1970-01-01,2099-12-31,
51076,0,a,"Bicarbonate, Urine",4285456,SNOMED,1970-01-01,2099-12-31,
50823,0,a,Required O2,45879840,LOINC,1970-01-01,2099-12-31,
50869,0,a,Anti-DGP (IgA/IgG),36307525,LOINC,1970-01-01,2099-12-31,
50964,0,a,"Osmolality, Measured",4103860,SNOMED,1970-01-01,2099-12-31,
51059,0,a,"Total Protein, Pleural",4119650,SNOMED,1970-01-01,2099-12-31,
50809,0,a,Glucose,4282459,SNOMED,1970-01-01,2099-12-31,
50955,0,a,Light Green Top Hold,4228366,SNOMED,1970-01-01,2099-12-31,
51654,0,a,HIV 1 Viral Load,4201046,SNOMED,1970-01-01,2099-12-31,
51706,0,a,Problem Specimen,1147306,CDM,1970-01-01,2099-12-31,
51219,0,a,H/O Smear,43021276,SNOMED,1970-01-01,2099-12-31,
51503,0,a,Triple Phosphate Crystals,45878400,LOINC,1970-01-01,2099-12-31,
51147,0,a,Bite Cells,4097603,SNOMED,1970-01-01,2099-12-31,
51099,0,a,Protein/Creatinine Ratio,4353852,SNOMED,1970-01-01,2099-12-31,
51124,0,a,Plasma,4178303,SNOMED,1970-01-01,2099-12-31,
51195,0,a,Collagen,19069049,RxNorm,1970-01-01,2099-12-31,
50822,0,a,"Potassium, Whole Blood",4170424,SNOMED,1970-01-01,2099-12-31,
50996,0,a,"Tissue Transglutaminase Ab, IgA",36717377,SNOMED,1970-01-01,2099-12-31,
51135,0,a,ADP,4177817,SNOMED,1970-01-01,2099-12-31,
51079,0,a,"Cocaine, Urine",45884481,LOINC,1970-01-01,2099-12-31,
51054,0,a,"Lactate Dehydrogenase, Pleural",37398611,SNOMED,1970-01-01,2099-12-31,
50812,0,a,Intubated,36311192,LOINC,1970-01-01,2099-12-31,
51236,0,a,Inpatient Hematology/Oncology Smear,44805301,SNOMED,1970-01-01,2099-12-31,
51438,0,a,"RBC, Other Fluid",4163404,SNOMED,1970-01-01,2099-12-31,
50970,0,a,Phosphate,4125861,SNOMED,1970-01-01,2099-12-31,
51444,0,a,Eosinophils,45884164,LOINC,1970-01-01,2099-12-31,
51142,0,a,Arachadonic Acid,4242215,SNOMED,1970-01-01,2099-12-31,
51748,0,a,Treponema pallidum (Syphilis) Ab,4248851,SNOMED,1970-01-01,2099-12-31,
51226,0,a,Hemogloblin A,4150368,SNOMED,1970-01-01,2099-12-31,
51446,0,a,Lymphocytes,36309122,LOINC,1970-01-01,2099-12-31,
51075,0,a,"Benzodiazepine Screen, Urine",44812145,SNOMED,1970-01-01,2099-12-31,
51087,0,a,Length of Urine Collection,44816649,LOINC,1970-01-01,2099-12-31,
51946,0,a,Norovirus Genogroup II,45757724,SNOMED,1970-01-01,2099-12-31,
51455,0,a,Polys,4267265,SNOMED,1970-01-01,2099-12-31,
51108,0,a,Urine Volume,37397937,SNOMED,1970-01-01,2099-12-31,
51450,0,a,Monos,41918817,OSM,1970-01-01,2099-12-31,
51224,0,a,Hemoglobin C,4265631,SNOMED,1970-01-01,2099-12-31,
51094,0,a,pH,21498711,LOINC,1970-01-01,2099-12-31,
51082,0,a,"Creatinine, Urine",4150621,SNOMED,1970-01-01,2099-12-31,
51945,0,a,Norovirus Genogroup I,45769959,SNOMED,1970-01-01,2099-12-31,
50878,0,a,Asparate Aminotransferase (AST),37394375,SNOMED,1970-01-01,2099-12-31,
51006,0,a,Urea Nitrogen,4320959,SNOMED,1970-01-01,2099-12-31,
51227,0,a,Hemogloblin S,4178879,SNOMED,1970-01-01,2099-12-31,
51067,0,a,24 hr Creatinine,37208556,SNOMED,1970-01-01,2099-12-31,
51127,0,a,"RBC, Ascites",36308435,LOINC,1970-01-01,2099-12-31,
51749,0,a,Treponema pallidum (syphilis) value,4248851,SNOMED,1970-01-01,2099-12-31,
51146,0,a,Basophils,36310855,LOINC,1970-01-01,2099-12-31,
51071,0,a,"Amphetamine Screen, Urine",4198138,SNOMED,1970-01-01,2099-12-31,
51512,0,a,Urine Mucous,4112274,SNOMED,1970-01-01,2099-12-31,
50919,0,a,EDTA Hold,4288025,SNOMED,1970-01-01,2099-12-31,
51255,0,a,Myelocytes,36770405,Cancer Modifier,1970-01-01,2099-12-31,
50893,0,a,"Calcium, Total",19018544,RxNorm,1970-01-01,2099-12-31,
51276,0,a,Quantitative G6PD,35947729,OMOP Genomic,1970-01-01,2099-12-31,
50956,0,a,Lipase,990760,RxNorm,1970-01-01,2099-12-31,
51231,0,a,Howell-Jolly Bodies,45878426,LOINC,1970-01-01,2099-12-31,
51090,0,a,"Methadone, Urine",36308625,LOINC,1970-01-01,2099-12-31,
51903,0,a,PAN1,4099983,SNOMED,1970-01-01,2099-12-31,
51498,0,a,Specific Gravity,4175470,SNOMED,1970-01-01,2099-12-31,
51104,0,a,"Urea Nitrogen, Urine",4320959,SNOMED,1970-01-01,2099-12-31,
51269,0,a,Promyelocytes,36768344,Cancer Modifier,1970-01-01,2099-12-31,
51464,0,a,Bilirubin,4196330,SNOMED,1970-01-01,2099-12-31,
50824,0,a,"Sodium, Whole Blood",4170424,SNOMED,1970-01-01,2099-12-31,
52074,0,a,Absolute Monocyte Count,4194332,SNOMED,1970-01-01,2099-12-31,
51078,0,a,"Chloride, Urine",4033092,SNOMED,1970-01-01,2099-12-31,
51879,0,a,Neisseria gonorrhoeae,4285582,SNOMED,1970-01-01,2099-12-31,
50861,0,a,Alanine Aminotransferase (ALT),4095055,SNOMED,1970-01-01,2099-12-31,
51476,0,a,Epithelial Cells,45878159,LOINC,1970-01-01,2099-12-31,
52033,0,a,Specimen Type,4154128,SNOMED,1970-01-01,2099-12-31,
50879,0,a,Barbiturate Screen,4091289,SNOMED,1970-01-01,2099-12-31,
50820,0,a,pH,21498711,LOINC,1970-01-01,2099-12-31,
51074,0,a,"Barbiturate Screen, Urine",4091289,SNOMED,1970-01-01,2099-12-31,
50983,0,a,Sodium,19136048,RxNorm,1970-01-01,2099-12-31,
50821,0,a,pO2,765691,SNOMED,1970-01-01,2099-12-31,
51097,0,a,"Potassium, Urine",19052619,RxNorm,1970-01-01,2099-12-31,
51846,0,a,Chlamydia trachomatis,4274488,SNOMED,1970-01-01,2099-12-31,
51904,0,a,PAN2,35955558,OMOP Genomic,1970-01-01,2099-12-31,
51100,0,a,"Sodium, Urine",4020682,SNOMED,1970-01-01,2099-12-31,
51506,0,a,Urine Appearance,4143063,SNOMED,1970-01-01,2099-12-31,
52073,0,a,Absolute Eosinophil Count,4216098,SNOMED,1970-01-01,2099-12-31,
50880,0,a,Benzodiazepine Screen,44806229,SNOMED,1970-01-01,2099-12-31,
51484,0,a,Ketone,4241317,SNOMED,1970-01-01,2099-12-31,
51092,0,a,"Opiate Screen, Urine",4195515,SNOMED,1970-01-01,2099-12-31,
50817,0,a,Oxygen Saturation,3966155,LOINC,1970-01-01,2099-12-31,
50920,0,a,Estimated GFR (MDRD equation),36307905,LOINC,1970-01-01,2099-12-31,
51678,0,a,L,0,None,1970-01-01,2099-12-31,
51197,0,a,Elliptocytes,45880612,LOINC,1970-01-01,2099-12-31,
50813,0,a,Lactate,19011035,RxNorm,1970-01-01,2099-12-31,
51482,0,a,Hyaline Casts,45882137,LOINC,1970-01-01,2099-12-31,
51899,0,a,Trichomonas vaginalis,4330317,SNOMED,1970-01-01,2099-12-31,
50818,0,a,pCO2,21490848,LOINC,1970-01-01,2099-12-31,
50971,0,a,Potassium,19049024,RxNorm,1970-01-01,2099-12-31,
51508,0,a,Urine Color,4263875,SNOMED,1970-01-01,2099-12-31,
52111,0,a,Echinocytes,0,None,1970-01-01,2099-12-31,
51133,0,a,Absolute Lymphocyte Count,4254663,SNOMED,1970-01-01,2099-12-31,
51487,0,a,Nitrite,4136334,SNOMED,1970-01-01,2099-12-31,
50802,0,a,Base Excess,4030916,SNOMED,1970-01-01,2099-12-31,
50868,0,a,Anion Gap,4009397,SNOMED,1970-01-01,2099-12-31,
51101,0,a,Total Collection Time,3016617,LOINC,1970-01-01,2099-12-31,
51462,0,a,Amorphous Crystals,45766357,SNOMED,1970-01-01,2099-12-31,
51429,0,a,Mesothelial cells,4244102,SNOMED,1970-01-01,2099-12-31,
51463,0,a,Bacteria,45878742,LOINC,1970-01-01,2099-12-31,
51491,0,a,pH,21498711,LOINC,1970-01-01,2099-12-31,
51145,0,a,Basophilic Stippling,4264127,SNOMED,1970-01-01,2099-12-31,
51000,0,a,Triglycerides,45957223,SNOMED,1970-01-01,2099-12-31,
51492,0,a,Protein,4230216,SNOMED,1970-01-01,2099-12-31,
52069,0,a,Absolute Basophil Count,4172647,SNOMED,1970-01-01,2099-12-31,
51478,0,a,Glucose,4282459,SNOMED,1970-01-01,2099-12-31,
50863,0,a,Alkaline Phosphatase,4249537,SNOMED,1970-01-01,2099-12-31,
50883,0,a,"Bilirubin, Direct",4216632,SNOMED,1970-01-01,2099-12-31,
50934,0,a,H,0,None,1970-01-01,2099-12-31,
50804,0,a,Calculated Total CO2,4193415,SNOMED,1970-01-01,2099-12-31,
51254,0,a,Monocytes,36310669,LOINC,1970-01-01,2099-12-31,
51080,0,a,Creatinine Clearance,37393360,SNOMED,1970-01-01,2099-12-31,
50938,0,a,Hepatitis A Virus IgM Antibody,45766347,SNOMED,1970-01-01,2099-12-31,
51237,0,a,INR(PT),3034426,LOINC,1970-01-01,2099-12-31,
51514,0,a,Urobilinogen,4195628,SNOMED,1970-01-01,2099-12-31,
51287,0,a,Schistocytes,45881248,LOINC,1970-01-01,2099-12-31,
50907,0,a,"Cholesterol, Total",19059097,RxNorm,1970-01-01,2099-12-31,
50967,0,a,Phenytoin,4301090,SNOMED,1970-01-01,2099-12-31,
50831,0,a,pH,21498711,LOINC,1970-01-01,2099-12-31,
50963,0,a,NTproBNP,35950469,OMOP Genomic,1970-01-01,2099-12-31,
50884,0,a,"Bilirubin, Indirect",4243468,SNOMED,1970-01-01,2099-12-31,
50867,0,a,Amylase,919204,RxNorm,1970-01-01,2099-12-31,
51009,0,a,Vancomycin,1707687,RxNorm,1970-01-01,2099-12-31,
50836,0,a,"Amylase, Ascites",919204,RxNorm,1970-01-01,2099-12-31,
50808,0,a,Free Calcium,19018544,RxNorm,1970-01-01,2099-12-31,
51271,0,a,"Protein C, Functional",4095691,SNOMED,1970-01-01,2099-12-31,
50954,0,a,Lactate Dehydrogenase (LD),35917352,NAACCR,1970-01-01,2099-12-31,
52075,0,a,Absolute Neutrophil Count,4148615,SNOMED,1970-01-01,2099-12-31,
51144,0,a,Bands,4106664,SNOMED,1970-01-01,2099-12-31,
50947,0,a,I,0,None,1970-01-01,2099-12-31,
50905,0,a,"Cholesterol, LDL, Calculated",4191837,SNOMED,1970-01-01,2099-12-31,
50856,0,a,Acetaminophen,45876821,LOINC,1970-01-01,2099-12-31,
51200,0,a,Eosinophils,45884164,LOINC,1970-01-01,2099-12-31,
50841,0,a,"Creatinine, Ascites",4199927,SNOMED,1970-01-01,2099-12-31,
51288,0,a,Sedimentation Rate,4014496,SNOMED,1970-01-01,2099-12-31,
51733,0,a,STX2,35960248,OMOP Genomic,1970-01-01,2099-12-31,
50912,0,a,Creatinine,19071968,RxNorm,1970-01-01,2099-12-31,
51274,0,a,PT,45879324,LOINC,1970-01-01,2099-12-31,
50904,0,a,"Cholesterol, HDL",37394334,SNOMED,1970-01-01,2099-12-31,
50931,0,a,Glucose,4282459,SNOMED,1970-01-01,2099-12-31,
51510,0,a,"Urine Crystals, Other",21498783,LOINC,1970-01-01,2099-12-31,
51143,0,a,Atypical Lymphocytes,4203756,SNOMED,1970-01-01,2099-12-31,
51277,0,a,RDW,42074849,OSM,1970-01-01,2099-12-31,
51266,0,a,Platelet Smear,4039428,SNOMED,1970-01-01,2099-12-31,
51267,0,a,Poikilocytosis,4013532,SNOMED,1970-01-01,2099-12-31,
51256,0,a,Neutrophils,36308680,LOINC,1970-01-01,2099-12-31,
52195,0,a,Voided Specimen,46270290,SNOMED,1970-01-01,2099-12-31,
51279,0,a,Red Blood Cells,4054726,SNOMED,1970-01-01,2099-12-31,
50843,0,a,"Lactate Dehydrogenase, Ascites",37394193,SNOMED,1970-01-01,2099-12-31,
51252,0,a,Microcytes,45884176,LOINC,1970-01-01,2099-12-31,
52425,0,a,XUCU,41904799,OSM,1970-01-01,2099-12-31,
52172,0,a,RDW-SD,36849523,RxNorm Extension,1970-01-01,2099-12-31,
50999,0,a,Tricyclic Antidepressant Screen,36309788,LOINC,1970-01-01,2099-12-31,
50900,0,a,Carcinoembyronic Antigen (CEA),35918204,NAACCR,1970-01-01,2099-12-31,
51251,0,a,Metamyelocytes,36768123,Cancer Modifier,1970-01-01,2099-12-31,
51233,0,a,Hypochromia,45878425,LOINC,1970-01-01,2099-12-31,
51292,0,a,Spherocytes,45880615,LOINC,1970-01-01,2099-12-31,
50903,0,a,Cholesterol Ratio (Total/HDL),4195214,SNOMED,1970-01-01,2099-12-31,
51244,0,a,Lymphocytes,36309122,LOINC,1970-01-01,2099-12-31,
50981,0,a,Salicylate,4252199,SNOMED,1970-01-01,2099-12-31,
51246,0,a,Macrocytes,45878424,LOINC,1970-01-01,2099-12-31,
51301,0,a,White Blood Cells,4198678,SNOMED,1970-01-01,2099-12-31,
51732,0,a,STX1,35956967,OMOP Genomic,1970-01-01,2099-12-31,
51865,0,a,Influenza A by PCR,36309193,LOINC,1970-01-01,2099-12-31,
51249,0,a,MCHC,4013083,SNOMED,1970-01-01,2099-12-31,
50838,0,a,"Bilirubin, Total, Ascites",4230543,SNOMED,1970-01-01,2099-12-31,
51734,0,a,STX3,35963996,OMOP Genomic,1970-01-01,2099-12-31,
51137,0,a,Anisocytosis,4238830,SNOMED,1970-01-01,2099-12-31,
50864,0,a,Alpha-Fetoprotein,4177969,SNOMED,1970-01-01,2099-12-31,
50922,0,a,Ethanol,4302633,SNOMED,1970-01-01,2099-12-31,
51221,0,a,Hematocrit,316524,SNOMED,1970-01-01,2099-12-31,
51873,0,a,Influenza B by PCR,36309193,LOINC,1970-01-01,2099-12-31,
51737,0,a,STX6,35953004,OMOP Genomic,1970-01-01,2099-12-31,
51268,0,a,Polychromasia,45879768,LOINC,1970-01-01,2099-12-31,
51222,0,a,Hemoglobin,4244232,SNOMED,1970-01-01,2099-12-31,
51283,0,a,"Reticulocyte Count, Automated",4263581,SNOMED,1970-01-01,2099-12-31,
50842,0,a,"Glucose, Ascites",36308435,LOINC,1970-01-01,2099-12-31,
50957,0,a,Lithium,19124477,RxNorm,1970-01-01,2099-12-31,
50909,0,a,Cortisol,1507705,RxNorm,1970-01-01,2099-12-31,
50890,0,a,C3,1620526,LOINC,1970-01-01,2099-12-31,
50849,0,a,"Total Protein, Ascites",4119650,SNOMED,1970-01-01,2099-12-31,
50891,0,a,C4,1620674,LOINC,1970-01-01,2099-12-31,
51265,0,a,Platelet Count,4267147,SNOMED,1970-01-01,2099-12-31,
51218,0,a,Granulocyte Count,4041973,SNOMED,1970-01-01,2099-12-31,
51250,0,a,MCV,35804143,HemOnc,1970-01-01,2099-12-31,
51214,0,a,"Fibrinogen, Functional",19054702,RxNorm,1970-01-01,2099-12-31,
50835,0,a,"Albumin, Ascites",4199139,SNOMED,1970-01-01,2099-12-31,
51248,0,a,MCH,35102027,HemOnc,1970-01-01,2099-12-31,
50873,0,a,Anti-Nuclear Antibody,4163958,SNOMED,1970-01-01,2099-12-31,
51110,0,a,Atypical Lymphocytes,4203756,SNOMED,1970-01-01,2099-12-31,
51275,0,a,PTT,4175016,SNOMED,1970-01-01,2099-12-31,
51123,0,a,Other,45878142,LOINC,1970-01-01,2099-12-31,
51282,0,a,"Reticulocyte Count, Absolute",4263581,SNOMED,1970-01-01,2099-12-31,
51134,0,a,Acanthocytes,45878419,LOINC,1970-01-01,2099-12-31,
51007,0,a,Uric Acid,4062617,SNOMED,1970-01-01,2099-12-31,
51658,0,a,HPE2,35956314,OMOP Genomic,1970-01-01,2099-12-31,
50902,0,a,Chloride,4179018,SNOMED,1970-01-01,2099-12-31,
51114,0,a,Eosinophils,45884164,LOINC,1970-01-01,2099-12-31,
52171,0,a,RBC Morphology,40761509,LOINC,1970-01-01,2099-12-31,
51115,0,a,"Hematocrit, Ascites",316524,SNOMED,1970-01-01,2099-12-31,
51116,0,a,Lymphocytes,36309122,LOINC,1970-01-01,2099-12-31,
50882,0,a,Bicarbonate,4285456,SNOMED,1970-01-01,2099-12-31,
51257,0,a,Nucleated Red Cells,4104363,SNOMED,1970-01-01,2099-12-31,
51120,0,a,Monocytes,36310669,LOINC,1970-01-01,2099-12-31,
50960,0,a,Magnesium,19124906,RxNorm,1970-01-01,2099-12-31,
50992,0,a,Thyroid Peroxidase Antibodies,4011306,SNOMED,1970-01-01,2099-12-31,
51148,0,a,Blasts,37110158,SNOMED,1970-01-01,2099-12-31,
50943,0,a,Hepatitis C Virus Antibody,4216067,SNOMED,1970-01-01,2099-12-31,
51107,0,a,"Urine tube, held",4170740,SNOMED,1970-01-01,2099-12-31,
51261,0,a,Pappenheimer Bodies,4097600,SNOMED,1970-01-01,2099-12-31,
51117,0,a,Macrophage,4243353,SNOMED,1970-01-01,2099-12-31,
51260,0,a,Ovalocytes,45878174,LOINC,1970-01-01,2099-12-31,
51125,0,a,Polys,4267265,SNOMED,1970-01-01,2099-12-31,
50885,0,a,"Bilirubin, Total",4230543,SNOMED,1970-01-01,2099-12-31,
50862,0,a,Albumin,4199139,SNOMED,1970-01-01,2099-12-31,
51294,0,a,Target Cells,45881250,LOINC,1970-01-01,2099-12-31,
50877,0,a,Anti-Thyroglobulin Antibodies,4005201,SNOMED,1970-01-01,2099-12-31,
51296,0,a,Teardrop Cells,4097601,SNOMED,1970-01-01,2099-12-31,
51118,0,a,Mesothelial Cell,4244102,SNOMED,1970-01-01,2099-12-31,
50940,0,a,Hepatitis B Surface Antibody,4220846,SNOMED,1970-01-01,2099-12-31,
51001,0,a,Triiodothyronine (T3),3042934,LOINC,1970-01-01,2099-12-31,
52135,0,a,Immature Granulocytes,0,None,1970-01-01,2099-12-31,
50942,0,a,Hepatitis B Virus Core Antibody,4046726,SNOMED,1970-01-01,2099-12-31,
50995,0,a,"Thyroxine (T4), Free",3024908,LOINC,1970-01-01,2099-12-31,
52065,0,a,"Total Nucleated Cells, Ascites",4104363,SNOMED,1970-01-01,2099-12-31,
51657,0,a,HPE1,35950659,OMOP Genomic,1970-01-01,2099-12-31,
51663,0,a,HPE7,764516,SNOMED,1970-01-01,2099-12-31,
50853,0,a,25-OH Vitamin D,45770662,SNOMED,1970-01-01,2099-12-31,
50925,0,a,Folate,1387426,RxNorm,1970-01-01,2099-12-31,
50966,0,a,Phenobarbital,36308343,LOINC,1970-01-01,2099-12-31,
50941,0,a,Hepatitis B Surface Antigen,4318957,SNOMED,1970-01-01,2099-12-31,
51659,0,a,HPE3,35960637,OMOP Genomic,1970-01-01,2099-12-31,
50935,0,a,Haptoglobin,35198163,RxNorm Extension,1970-01-01,2099-12-31,
51263,0,a,Plasma Cells,36770549,Cancer Modifier,1970-01-01,2099-12-31,
51501,0,a,Transitional Epithelial Cells,4146756,SNOMED,1970-01-01,2099-12-31,
51010,0,a,Vitamin B12,35824978,UK Biobank,1970-01-01,2099-12-31,
51479,0,a,Granular Casts,45884161,LOINC,1970-01-01,2099-12-31,
50993,0,a,Thyroid Stimulating Hormone,35952445,OMOP Genomic,1970-01-01,2099-12-31,
51085,0,a,"HCG, Urine, Qualitative",4216642,SNOMED,1970-01-01,2099-12-31,
